<!DOCTYPE hibernate-configuration PUBLIC
"http://hibernate.sourceforge.net/hibernate-configuration-4.0.dtd" 
 "//Hibernate/Hibernate Configuration DTD 4.0//EN">

<hibernate-configuration>


<session-factory name="sf">

<property name="hibernate.connection.driver_class">com.mysql.cj.jdbc.Driver</property>
<property name="hibernate.connection.url">jdbc:mysql://localhost:3306/Product</property>
<property name="hibernate.connection.password">root</property>
<property name="hibernate.connection.username">root</property>
<property name="hibernate.dialect">org.hibernate.dialect.MySQLDialect</property>
<property name="show_sql">true</property>
<property name="hibernate.hbm2ddl.auto">create</property>
<mapping class="com.cts.hibernate.Hibernateormcart.Cart"/>
<mapping class="com.cts.hibernate.Hibernateormcart.Product"/>
</session-factory>

</hibernate-configuration>